-- phpMyAdmin SQL Dump
-- version 5.1.1
-- https://www.phpmyadmin.net/
--
-- Host: 127.0.0.1
-- Generation Time: Nov 05, 2021 at 05:56 PM
-- Server version: 10.4.21-MariaDB
-- PHP Version: 8.0.12

SET SQL_MODE = "NO_AUTO_VALUE_ON_ZERO";
START TRANSACTION;
SET time_zone = "+00:00";


/*!40101 SET @OLD_CHARACTER_SET_CLIENT=@@CHARACTER_SET_CLIENT */;
/*!40101 SET @OLD_CHARACTER_SET_RESULTS=@@CHARACTER_SET_RESULTS */;
/*!40101 SET @OLD_COLLATION_CONNECTION=@@COLLATION_CONNECTION */;
/*!40101 SET NAMES utf8mb4 */;

--
-- Database: `audiobooks`
--

-- --------------------------------------------------------

--
-- Table structure for table `books`
--

CREATE TABLE `books` (
  `book_id` int(6) NOT NULL,
  `book_title` varchar(50) NOT NULL,
  `author` varchar(50) NOT NULL,
  `time` time(5) NOT NULL,
  `book_img` varchar(250) NOT NULL,
  `description` varchar(500) NOT NULL,
  `category_id` int(3) NOT NULL,
  `date` date NOT NULL
) ENGINE=InnoDB DEFAULT CHARSET=utf8mb4;

--
-- Dumping data for table `books`
--

INSERT INTO `books` (`book_id`, `book_title`, `author`, `time`, `book_img`, `description`, `category_id`, `date`) VALUES
(11, 'Harry Potter and the Sorcerer\'s Stone', 'Joanne Jo Rowling', '00:00:00.00000', 'philosophers-stone-thai-20th-anniversary-edition-cover.jpg', 'แฮร์รี่ พอตเตอร์นั้น เป็นโลกของพวกพ่อมดและแม่มดที่ใช้ชีวิตอยู่ร่วมกันกับโลกของมักเกิล หรือมนุษย์ผู้ไร้เวทมนตร์ ในลักษณะโลกคู่ขนาน โดยโลกเวทมนตร์นั้นไม่ได้ดำรงอยู่อย่างเป็นเอกเทศ', 1, '2021-09-29'),
(12, 'Semantic Error ลอจิกของคุณมีปัญหานะครับ', 'J.Soori', '00:00:00.00000', '608c205cgDfGddA4.jpeg', 'ณ ห้องบรรยายของมหาวิทยาลัยแห่งหนึ่ง นักศึกษากว่าครึ่งห้องอยู่ในสภาพสัปหงก แม้แต่อาจารย์ก็ไม่สามารถทำให้นักเรียนขนาดใหญ่นั้นตั้งใจฟังบรรยายได้ ยิ่งไปกว่านั้น รูปลักษณ์ของผู้ที่ออกไปยืนนำเสนออยู่แท่นบรรยายไม่ได้ดึงดูดสายตาเลยสักนิด', 2, '2021-09-29'),
(14, 'ดาบพิฆาตอสูร', 'KOYOHARU GOTOUGE', '00:00:00.00000', '81ZNkhqRvVL.jpg', 'ทันจิโร่เด็กหนุ่มขายถ่านผู้แสนอ่อนโยน วันหนึ่งครอบครัวของเขาถูกอสูรฆ่าตายเพื่อหาทางช่วยเนซึโกะ น้องสาวที่โดนเปลี่ยนเป็นอสูรให้กลับมาเป็นมนุษย์อีกครั้ง เขาจึงออกเดินทางเพื่อตามล่าอสูรที่ฆ่าครอบครัวของเขา การเดินทางของทันจิโร่และเนซึโกะ!! เรื่องราวการต่อสู้ท่ามกลางฝนเลือดได้เริ่มต้นขึ้นแล้ว', 3, '2021-09-30'),
(15, 'สามก๊ก ฉบับ คนขายชาติ', 'ล่อกวนตง ( หลัวก้วนจง ) ', '00:00:00.00000', 'jpg', 'สามก๊ก ล่อกวนตง ( หลัวก้วนจง) สามก๊กฉบับคนขายชาติ เป็นหนังสือเล่าเรื่องสามก๊กที่ถูกเขียนขึ้นมาโดยแฝงนัยยะทางการเมืองอย่างเข้มข้น แม้ผู้เขียนจะเขียนไว้ชัดเจนว่าไม่ต้องการเสียดสีใครอย่างเด่นชัด แต่ก็ไม่อาจปฏิเสธถึงจุดประสงค์ในการเปรียบเทียบเชิงการเมืองที่ต้องการสื่อถึงตัวละครหรือเหตุการณ์ทางการเมืองไทยในเวลานั้นได้\r\n\r\n', 1, '2021-09-29'),
(16, 'เจ้าชายน้อย', 'อองตวน เดอ แซงแตก-ซูเปรี', '00:00:00.00000', '9786169160113l.jpg', 'เนื้อหาของหนังสือง่ายๆ แต่เต็มไปด้วยความคิดฝัน และแฝงไปด้วยปรัชญาอันยิ่งใหญ่ นับเป็นวิวาทะทางวัฒนธรรมอย่างลึกซึ้งระหว่างโลกตะวันออกกับโลกตะวันตก งานประพันธ์ที่นำเสนอในท่วงทำนองผสมผสานระหว่างกวีนิพนธ์และงานแฟนตาซี โดยอิงสารัตถะแห่งวัฒนธรรมตะวันตก จะนำพาคุณผู้อ่านไปเผชิญปัญหาพื้นฐานไร้พรมแดน การเลือกเส้นทางเดินในชีวิต เป็นการเชิญชวนให้เข้าสู่การเจริญภาวนาในอีกรูปแบบหนึ่ง เต็มไปด้วยความสุข และความประทับใจ', 1, '2021-09-30'),
(21, 'My Autobiography', 'Alex Ferguson, Sir ', '00:00:00.00000', '9786165155618l.jpg', 'นี่คืออัตชีวประวัติของผู้ชายคนหนึ่ง ที่ใช้ศรัทธาของเขากับเวลา 26 ปีครึ่ง สร้างทีมฟุตบอลทีมหนึ่งให้กลายเป็นทีมที่ยิ่งใหญ่ที่สุดในโลก สร้างสถิติการครองแชมป์มากมาย แต่สำหรับผม...ผลงานที่ยิ่งใหญ่ที่สุดของเซอร์อเล็กซ์ เฟอร์กูสัน คือ การทำให้ทีมแมนเชสเตอร์ ยูไนเต็ดปลุกคนทั้งโลกให้กล้าลุกขึ้นมาโลดแล่นไปบนเส้นทางฝันของตัวเอง เหมือนที่เกิดขึ้นที่นี่ พื้นที่ที่ถูกขนานนามว่า... \"Theatre of Dreams\"', 2, '2021-10-05');

-- --------------------------------------------------------

--
-- Table structure for table `category`
--

CREATE TABLE `category` (
  `category_id` int(3) NOT NULL,
  `category_name` varchar(50) NOT NULL
) ENGINE=InnoDB DEFAULT CHARSET=utf8mb4;

--
-- Dumping data for table `category`
--

INSERT INTO `category` (`category_id`, `category_name`) VALUES
(1, 'Fiction'),
(2, 'Inspire'),
(3, 'General');

-- --------------------------------------------------------

--
-- Table structure for table `chapter`
--

CREATE TABLE `chapter` (
  `chapter_id` int(11) NOT NULL,
  `chapter` int(3) NOT NULL,
  `content` varchar(500) NOT NULL,
  `google_value` varchar(500) DEFAULT NULL,
  `similarity` float NOT NULL,
  `book_id` int(11) DEFAULT NULL,
  `audio_file` varchar(100) DEFAULT NULL,
  `reader` int(3) DEFAULT NULL,
  `time_stamp` date DEFAULT NULL
) ENGINE=InnoDB DEFAULT CHARSET=utf8mb4;

--
-- Dumping data for table `chapter`
--

INSERT INTO `chapter` (`chapter_id`, `chapter`, `content`, `google_value`, `similarity`, `book_id`, `audio_file`, `reader`, `time_stamp`) VALUES
(15, 1, 'นายและนางเดอร์สลีย์เจ้าของบ้านเลขที่สี่ ซอยพรีเว็ต ภาคภูมิใจนักที่จะบอกว่าพวกเขาเป็นคนปกติธรรมดาที่สุด เชื่อเขาเลย! พวกเขาจะเป็นมนุษย์คู่สุดท้ายที่คุณจะคิดถึงว่ามีอะไรเกี่ยวข้องกับเรื่อง แปลกประหลาดหรือลึกลับ เพราะพวกเขาจะไม่มีวันเข้าไปยุ่งเกี่ยวกับ เรื่องไร้สาระแบบนั้นเด็ดขาด', '8:30 น นายดัสตี้หยิบกระเป๋าหนังของแก้มนาง lovely พยายามที่จะลูบขาช่วยหนูหน่อยนะพี่แต่ไม่สำเร็จเพราะพี่กำลังอาละวาดปลาอาหารเข้าใส่ฝาผนังเจ้าหมาน้อยเอ้ยนายหัวเราะอย่างอารมณ์ดีก่อนเมื่อออกจากบ้านเขาขึ้นรถและขับถอยออกมาจากถนนทางเข้าบ้านเลขที่ 4', 0.808996, 11, '1.wav', 1, '2021-11-01'),
(16, 2, 'แปดโมงครึ่ง นายเดอร์สลีย์หยิบกระเป๋าหนัง หอมแก้มนางเดอร์สลีย์ พยายามจูบลาเจ้าหนูดัดลีย์แต่ไม่สำเร็จ เพราะดัดลีย์กำลังอาละวาดปาอาหารเช้าใส่ฝาผนัง \"เจ้าหมาน้อยเอ๊ย\" นายเดอร์สลีย์หัวเราะอย่างอารมณ์ดีเมื่อออกจากบ้าน เขาขึ้นรถและขับถอยออกมาจากถนนทางเข้าบ้านเลขที่สี่\r\n', '8:30 น นายดัสตี้หยิบกระเป๋าหนังของแก้มนาง lovely พยายามที่จะลูบขาช่วยหนูหน่อยนะพี่แต่ไม่สำเร็จเพราะพี่กำลังอาละวาดปลาอาหารเข้าใส่ฝาผนังเจ้าหมาน้อยเอ้ยนายหัวเราะอย่างอารมณ์ดีก่อนเมื่อออกจากบ้านเขาขึ้นรถและขับถอยออกมาจากถนนทางเข้าบ้านเลขที่ 4', 0.789594, 11, NULL, 1, '2021-11-02'),
(17, 1, 'ณ ห้องบรรยายของมหาวิทยาลัยแห่งหนึ่ง นักศึกษากว่าครึ่งห้องอยู่ในสภาพสัปหงก แม้แต่อาจารย์ก็ไม่สามารถทำให้นักศึกษากว่าร้อยคนในห้องเรียนขนาดใหญ่ตั้งใจฟังบรรยายได้ ยิ่งไปกว่านั้น รูปลักษณ์ของผู้ที่ออกไปยืนนำเสนออยู่ที่แท่นบรรยายก็ไม่ได้ดึงดูดสายตาเลยสักนิด', 'ณห้องบรรยายของมหาวิทยาลัยแห่งหนึ่งนักศึกษากว่าครึ่งห้องอยู่ในสภาพสัปหงกแม้แต่อาจารย์ก็ไม่สามารถทำให้นักศึกษากว่า 100 คนในห้องเรียนขนาดใหญ่ตั้งใจฟังบรรยายได้ยิ่งไปกว่านั้นรูปลักษณ์ของผู้ที่ออกไปยืนนำเสนออยู่ที่แท่นบรรยายก็ไม่ได้ดึงดูดสายตาเลยสักนิด', 0.997894, 12, '1-1_online-audio-converter.com.wav', 2, NULL),
(18, 2, 'ผู้นำเสนอสวมเสื้อลายตารางแบบโอเวอร์ไซซ์กับกางกางยีนส์แบบไม่ตามเทรนด์สีเข้ม ทั้งยังสวมหมวกแก๊ปปิดหน้าปิดตา ทำให้เห็นหน้าไม่ชัด แต่เมื่อเขากดปุ่มบนเลเซอร์พอยเตอร์[1]เปิดสไลด์นำเสนอ ผู้ฟังที่กำลังเบื่อหน่ายก็ต้องเบิกตากว้างอย่างตะลึง', 'ผู้นำเสนอสวมเสื้อลายตารางแบบโอเวอร์ไซส์กับกางเกงยีนส์แบบไม่ตามเทรนสีเข้มทั้งยังสวมหมวกแก๊ปปิดหน้าปิดตาทำให้เห็นหน้าไม่ชัดแต่เมื่อเขากดปุ่มบนเลเซอร์พอยเตอร์เปิดสไลด์นำเสนอผู้ฟังที่กำลังเบื่อหน่ายก็ต้องเบิกตากว้างอย่างตะลึง', 0.984978, 12, NULL, 1, NULL),
(19, 3, 'สไลด์นำเสนอสุดสะเทือนใจถูกฉายผ่านเครื่องฉายโปรเจคเตอร์ นักศึกษาที่ตกใจกับสไลด์จนหายง่วง ตอนนี้เริ่มกลับมาง่วงอีกครั้ง น้ำเสียงของผู้นำเสนอราบเรียบไม่มีสูงต่ำ อีกทั้งรอแล้วรอเล่าเขาก็พูดประโยคแรกไม่จบสักที', NULL, 0, 12, NULL, 2, NULL),
(20, 1, 'และเจ้าจะได้เข้าร่วมการคัดเลือกครั้งสุดท้ายหรือไม่ข้าจะเป็นคนตัดสิน', 'เจ้าจะได้เข้าร่วมการคัดเลือกครั้งสุดท้ายมั่งถ้าจะเป็นคนตัดสิน', 0.952363, 14, 'Manu-01.wav', 1, '2021-10-22'),
(21, 2, 'เพื่อเข้าร่วมกลุ่มพิฆาตอสูรเจ้าจะต้องเอาชีวิตรอดจากการคัดเลือกครั้งสุดท้ายที่จัดขึ้นที่ภูเขาฟูจิอาคาเนะ ให้ได้', 'เข้าร่วมกลุ่มพิฆาตอสูรเจ้าต้องรอดจากการคัดเลือกครั้งสุดท้ายที่จัดขึ้นที่ภูเขาฟูจิอาคารให้ได้', 0.964241, 14, 'Manu-02.wav', 1, '2021-10-27'),
(22, 3, 'ผู้เลี้ยงดูมีจำนวนมากมายอยู่ตามที่ต่างๆและคอยเลี้ยงดูนักดาบด้วยวิธีที่แตกต่างกัน', 'ทุเรียนอยู่ในจำนวนนี้มีอยู่ตามที่ต่างๆและคอยเลี้ยงดูนักดับด้วยวิธีที่แตกต่างกัน', 0.959814, 14, NULL, 2, '2021-10-30'),
(23, 1, 'พระเจ้าเหี้ยนเต้ทอดพระเนตรเห็นข้าราชบริพารอดอยากก็มีน้ำพระทัยสงสาร จึงมีรับสั่งให้ลิฉุยจัดอาหารมอบแก่ข้าราชบริพาร ลิฉุยทราบความตามรับสั่งแล้วก็โกรธหาว่าพระเจ้าเหี้ยนเต้ไม่เห็นใจทหาร ทรงเอาพระทัยใส่แต่เฉพาะข้าราชบริพาร จึงไม่ดำเนินการตามรับสั่ง มิหนำซ้ำยังให้เอาอาหารบูดขึ้นไปถวาย', 'พระเจ้าของข้าราชบริพารอดอยากก็มีน้ำพระทัยสงสารจึงมีรับสั่งให้ได้ชุ่ยจัดอาหารมอบแก่ข้าราชบริพารจะช่วยสร้างความตามลักษณะและครอบครัวหาว่าพระเจ้าเห*้ยนเต้ไม่เห็นใจทหารทรงเอาพระทัยใส่แต่เฉพาะข้าราชบริพารจึงไม่ดำเนินการตามรับสั่งทำซ้ำอย่างให้เอาอาหารบูดขึ้นไปถวาย', 0.954935, 15, NULL, NULL, '2021-10-22'),
(24, 1, 'ขณะที่ผมอายุได้เพียงหกขวบ ..ผมพบรูปภาพที่แสนวิเศษรูปหนึ่งในหนังสือเกี่ยวกับป่าดงดิบชื่อ \'เรื่องจริงจากธรรมชาติ\' เป็นรูปงูเหลือมกำลังกลืนเหยื่อ นี่คือรูปที่ลอกมา', 'เบื่อตอนอายุ 6 ขวบฉันเห็นรูปภาพอัศจรรย์ใจรูปหนึ่งมีหนังสือเกี่ยวกับป่าดงดิบชีวประวัติชีวิตธรรมชาติรูปนั้นเป็นรูปงูเหลือมกำลังยืนสัตว์ป่านี่คือรูปร่างของภาพนั้น', 0.863824, 16, '1.wav', NULL, NULL),
(26, 1, 'คืนวันคริสต์มาส ปี 2001 ผมม่อยหลับไปขณะนั่งดูโทรทัศน์อยู่ที่โซฟา ในห้องครัวกำลังมีการรวมหัวกันบางอย่าง ห้องนั่งเล่นที่บ้านเราเป็นห้อง ที่ทุกคนในครอบครัวนั่งปรึกษากันในเรื่องสำคัญๆ ที่จะเปลี่ยนชีวิตของเรา ทุกคน แกนนำคนสำคัญเดินเข้ามา เธอเตะเท้าผมเพื่อปลุกให้ตื่น ผมเห็นลูกชาย ทั้งสามคนยืนเรียงกันที่ประตูแสดงความเป็นอันหนึ่งอันเดียวกันอย่างเต็มที่', 'คืนวันฮาโลวีนปี 2021 ผมหลับไปค่ะนั่งดูฟุตบอลอยู่หน้าทีวีในห้องนั่งเล่นกำลังมีการรวมหัวกันบางอย่างทุกคนในครอบครัวมาปลูกผมและถามถึงเรื่องลาออกผมบอกกับทุกคนว่าเหตุผลนึงที่ผมตัดสินใจออกจากการคุมทีมในครั้งแรกเป็นเพราะผมไม่พอใจที่ Martin เอ็ดเวิร์ดพูดหลังการแข่งขันนัดชิงชนะเลิศยูโรเปี้ยนครับ', 0.915124, 21, 'wrong.wav', 2, '2021-10-31');

-- --------------------------------------------------------

--
-- Table structure for table `users`
--

CREATE TABLE `users` (
  `user_id` int(10) NOT NULL,
  `f_name` varchar(50) NOT NULL,
  `l_name` varchar(50) NOT NULL,
  `email` varchar(50) NOT NULL
) ENGINE=InnoDB DEFAULT CHARSET=utf8mb4;

--
-- Dumping data for table `users`
--

INSERT INTO `users` (`user_id`, `f_name`, `l_name`, `email`) VALUES
(1, 'test01-fname', 'test01-lname', 'test01@gmail.com'),
(2, 'test02', 'test02', 'test02@gmail.com'),
(3, 'phiphatphong', 'pholket', 'admin@gmail.com'),
(4, 'phiphatphong', 'pholket', 'admin@gmail.com'),
(5, 'phiphatphong', 'pholket', 'test03@gmail.com'),
(6, 'phiphatphong', 'pholket', 'admin01@gmail.com'),
(7, 'test04', 'test04', 'test04@gmail.com');

--
-- Indexes for dumped tables
--

--
-- Indexes for table `books`
--
ALTER TABLE `books`
  ADD PRIMARY KEY (`book_id`),
  ADD KEY `category_id` (`category_id`);

--
-- Indexes for table `category`
--
ALTER TABLE `category`
  ADD PRIMARY KEY (`category_id`);

--
-- Indexes for table `chapter`
--
ALTER TABLE `chapter`
  ADD PRIMARY KEY (`chapter_id`),
  ADD KEY `chapter_ibfk_1` (`book_id`),
  ADD KEY `reader` (`reader`);

--
-- Indexes for table `users`
--
ALTER TABLE `users`
  ADD PRIMARY KEY (`user_id`);

--
-- AUTO_INCREMENT for dumped tables
--

--
-- AUTO_INCREMENT for table `books`
--
ALTER TABLE `books`
  MODIFY `book_id` int(6) NOT NULL AUTO_INCREMENT, AUTO_INCREMENT=22;

--
-- AUTO_INCREMENT for table `category`
--
ALTER TABLE `category`
  MODIFY `category_id` int(3) NOT NULL AUTO_INCREMENT, AUTO_INCREMENT=4;

--
-- AUTO_INCREMENT for table `chapter`
--
ALTER TABLE `chapter`
  MODIFY `chapter_id` int(11) NOT NULL AUTO_INCREMENT, AUTO_INCREMENT=27;

--
-- AUTO_INCREMENT for table `users`
--
ALTER TABLE `users`
  MODIFY `user_id` int(10) NOT NULL AUTO_INCREMENT, AUTO_INCREMENT=8;

--
-- Constraints for dumped tables
--

--
-- Constraints for table `books`
--
ALTER TABLE `books`
  ADD CONSTRAINT `category_id` FOREIGN KEY (`category_id`) REFERENCES `category` (`category_id`);

--
-- Constraints for table `chapter`
--
ALTER TABLE `chapter`
  ADD CONSTRAINT `chapter_ibfk_1` FOREIGN KEY (`book_id`) REFERENCES `books` (`book_id`) ON DELETE CASCADE,
  ADD CONSTRAINT `chapter_ibfk_2` FOREIGN KEY (`reader`) REFERENCES `users` (`user_id`) ON DELETE SET NULL ON UPDATE CASCADE;
COMMIT;

/*!40101 SET CHARACTER_SET_CLIENT=@OLD_CHARACTER_SET_CLIENT */;
/*!40101 SET CHARACTER_SET_RESULTS=@OLD_CHARACTER_SET_RESULTS */;
/*!40101 SET COLLATION_CONNECTION=@OLD_COLLATION_CONNECTION */;
